did,pathLineString,pathTimes,tsFrom,tsTo
18,"LINESTRING(-0.206825 51.393153, -0.206662 51.393343, -0.20653 51.393459, -0.206546 51.39375, -0.206459 51.393829, -0.206071 51.394148, -0.205732 51.394316, -0.205391 51.394389, -0.204781 51.394408, -0.204361 51.394404, -0.204234 51.394402, -0.2039 51.394397, -0.203698 51.394389, -0.203603 51.394401, -0.20349 51.394402, -0.203401 51.394388, -0.20333 51.394475, -0.203196 51.394586, -0.203044 51.394686, -0.202854 51.394797, -0.202685 51.394878, -0.202438 51.394978, -0.201597 51.395292, -0.201231 51.395432, -0.201088 51.395494, -0.200956 51.395565, -0.200828 51.395648, -0.2007 51.395751, -0.200614 51.395848, -0.200523 51.395971, -0.200462 51.3961, -0.200423 51.396221, -0.20041 51.396289, -0.200404 51.396327, -0.200391 51.396562, -0.200369 51.396721, -0.20031 51.396942, -0.200237 51.397151, -0.200118 51.397422, -0.200031 51.397544, -0.199948 51.397655, -0.199844 51.397766, -0.199709 51.397888, -0.199567 51.397998, -0.199394 51.398122, -0.199026 51.398349, -0.197856 51.399018, -0.197724 51.399098, -0.19759 51.399186, -0.197465 51.399286, -0.197361 51.399376, -0.196937 51.399828, -0.196592 51.400192, -0.19654 51.400257, -0.196533 51.400305, -0.19658 51.400397, -0.196652 51.400526, -0.196828 51.40085, -0.197114 51.401338, -0.197248 51.401573, -0.197356 51.401698, -0.197494 51.401798, -0.197577 51.401788, -0.197998 51.401744, -0.198717 51.401628, -0.199252 51.40155, -0.199424 51.401551, -0.199679 51.401586, -0.199758 51.401603, -0.200355 51.401792, -0.200866 51.401954, -0.2013 51.402083, -0.201473 51.402139, -0.201744 51.402225, -0.201885 51.40227, -0.202279 51.402393, -0.202927 51.402593, -0.203255 51.40269, -0.203614 51.402753, -0.20393 51.402756, -0.204642 51.402764, -0.204675 51.403194, -0.204704 51.403754, -0.204744 51.404513, -0.204755 51.404721, -0.204759 51.404816, -0.204765 51.404891, -0.204833 51.405855, -0.204832 51.405889, -0.204882 51.406649, -0.204906 51.40691, -0.205064 51.407693, -0.205193 51.408356, -0.205397 51.409222, -0.205411 51.40929, -0.205549 51.409947, -0.20558 51.410083, -0.205608 51.410189, -0.205861 51.411288, -0.206153 51.412562, -0.206193 51.412652, -0.206231 51.412694, -0.206099 51.412749, -0.205625 51.412946, -0.205456 51.413017, -0.205385 51.41306, -0.205198 51.413171, -0.204831 51.413438, -0.20463 51.413624, -0.204538 51.41369, -0.204446 51.413742, -0.204227 51.413833, -0.202776 51.414228, -0.202217 51.41441, -0.202121 51.41444, -0.202079 51.414457, -0.201973 51.414494, -0.202027 51.414564, -0.202141 51.4147, -0.202511 51.415455, -0.202852 51.416218, -0.202978 51.4165, -0.203046 51.41665, -0.203072 51.416709, -0.203109 51.41678, -0.203197 51.416947, -0.20338 51.417295, -0.203429 51.417387, -0.203507 51.417535, -0.203616 51.417743, -0.203716 51.417939, -0.203784 51.41809, -0.203975 51.418514, -0.20397 51.418561, -0.204083 51.418582, -0.204168 51.418611, -0.204249 51.418651, -0.204336 51.418712, -0.204494 51.418829, -0.204668 51.418966, -0.205236 51.419376, -0.205299 51.41942, -0.205748 51.419722, -0.205992 51.419898, -0.206116 51.419995, -0.206344 51.420161, -0.20654 51.42031, -0.206538 51.420392, -0.206477 51.420479, -0.206324 51.420613, -0.206343 51.420699, -0.206371 51.420791, -0.206428 51.420849, -0.206576 51.42089, -0.206763 51.420939, -0.206944 51.420988, -0.207116 51.421058, -0.207272 51.421147, -0.207464 51.421278, -0.207512 51.42131, -0.207628 51.421412, -0.207755 51.421504, -0.207798 51.421541, -0.207837 51.421572, -0.207945 51.421651, -0.208258 51.421954, -0.208336 51.422033, -0.208429 51.422104, -0.208631 51.422244, -0.209177 51.422587, -0.209668 51.422871, -0.209715 51.422903, -0.209791 51.422943, -0.210218 51.423173, -0.210752 51.423435, -0.210882 51.423503, -0.211638 51.423812, -0.212346 51.424026, -0.212961 51.424154, -0.213534 51.424251, -0.213858 51.424257, -0.213995 51.424247, -0.214573 51.424189, -0.214881 51.424159, -0.21513 51.424152, -0.215434 51.424165, -0.215671 51.424199, -0.216131 51.424499, -0.216655 51.424831, -0.217193 51.425199, -0.217304 51.425278, -0.217403 51.425324, -0.217538 51.42538, -0.217632 51.425368, -0.217674 51.425363, -0.217991 51.425319, -0.218185 51.425279, -0.218357 51.425273, -0.218724 51.425329, -0.218985 51.425378, -0.21918 51.425421, -0.219403 51.425455, -0.219873 51.425536, -0.220076 51.425579, -0.220204 51.425608, -0.220336 51.425641, -0.220669 51.425726, -0.221094 51.425859, -0.221161 51.425878, -0.221494 51.425984, -0.22177 51.426077, -0.222115 51.426199, -0.222389 51.426306, -0.222488 51.426353, -0.222561 51.426388, -0.222653 51.426449, -0.222748 51.426533, -0.222839 51.426645, -0.222932 51.426805, -0.223019 51.42697, -0.223108 51.427133, -0.223306 51.427522, -0.223402 51.427715, -0.223479 51.427903, -0.223575 51.428123, -0.223634 51.428322, -0.223797 51.42911, -0.22394 51.430211, -0.224059 51.431297, -0.224228 51.432757, -0.224239 51.432922, -0.224337 51.434098, -0.224339 51.434125, -0.224391 51.434615, -0.22442 51.435136, -0.224433 51.435627, -0.224462 51.435933, -0.224522 51.436235, -0.224604 51.436528, -0.224638 51.436668, -0.22463 51.436767, -0.224569 51.437027, -0.224475 51.437356, -0.224438 51.437695, -0.224446 51.437822, -0.224482 51.438109, -0.224519 51.438361, -0.224516 51.43855, -0.224507 51.438583, -0.224464 51.438746, -0.224426 51.438885, -0.224064 51.440154, -0.224007 51.440333, -0.223659 51.441587, -0.223562 51.441917, -0.223455 51.442279, -0.223266 51.442921, -0.222959 51.443974, -0.222851 51.444335, -0.222654 51.445012, -0.222591 51.445207, -0.222523 51.44544, -0.222282 51.446256, -0.222147 51.446743, -0.22212 51.446879, -0.222101 51.447033, -0.222173 51.447061, -0.222189 51.447121, -0.222199 51.447159, -0.22221 51.447187, -0.222234 51.44724, -0.222257 51.447281, -0.222296 51.447351, -0.222341 51.447423, -0.222364 51.447454, -0.222439 51.447579, -0.222532 51.447669, -0.222586 51.447701, -0.222646 51.447722, -0.222721 51.447749, -0.222835 51.447804, -0.222929 51.447823, -0.223049 51.447853, -0.223168 51.447883, -0.223305 51.447924, -0.22334 51.44794, -0.22345 51.448011, -0.223501 51.448112, -0.223496 51.448204, -0.223458 51.448289, -0.223441 51.448318, -0.22334 51.448483, -0.223247 51.44866, -0.223239 51.448742, -0.223215 51.448814, -0.223154 51.449, -0.223085 51.449131, -0.223039 51.449216, -0.222988 51.449307, -0.222544 51.450142, -0.222126 51.451045, -0.221946 51.451398, -0.22166 51.451925, -0.221515 51.452207, -0.221412 51.452409, -0.22139 51.452449, -0.221316 51.452601, -0.221243 51.452697, -0.221137 51.452783, -0.221043 51.452901, -0.220885 51.453112, -0.220713 51.453342, -0.22068 51.453385, -0.220614 51.453473, -0.220576 51.453518, -0.220497 51.453614, -0.220473 51.453644, -0.220454 51.453667, -0.220412 51.453717, -0.220336 51.453815, -0.220245 51.453956, -0.220201 51.454019, -0.220064 51.454268, -0.220041 51.454311, -0.219682 51.455077, -0.219355 51.45576, -0.219304 51.455866, -0.21905 51.456384, -0.218955 51.456589, -0.218836 51.456827, -0.218745 51.457009, -0.218688 51.457112, -0.21829 51.457834, -0.217975 51.45843, -0.217924 51.458521, -0.217754 51.458841, -0.217664 51.459027, -0.217605 51.459183, -0.217562 51.459314, -0.21754 51.459541, -0.217454 51.459776, -0.21742 51.459898, -0.217332 51.460221, -0.217256 51.460484, -0.217203 51.460636, -0.21715 51.460787, -0.217062 51.460987, -0.217045 51.461027, -0.216923 51.461271, -0.216708 51.461709, -0.216394 51.462305, -0.216238 51.462594, -0.216086 51.462878, -0.215905 51.463245, -0.215864 51.463308, -0.215586 51.463683, -0.215556 51.463735, -0.215473 51.463873, -0.215453 51.463908, -0.215378 51.464035, -0.215305 51.464152, -0.215277 51.464196, -0.215184 51.464304, -0.21509 51.464424, -0.215033 51.464504, -0.214858 51.464703, -0.214809 51.464764, -0.214781 51.464803, -0.214678 51.464943, -0.214649 51.464986, -0.214441 51.465282, -0.214425 51.465309, -0.214352 51.465444, -0.214292 51.46559, -0.214249 51.465681, -0.214265 51.465794, -0.21426 51.46582, -0.214253 51.465844, -0.214187 51.465921, -0.214136 51.465951, -0.214064 51.466006, -0.214015 51.466021, -0.213965 51.466036, -0.213644 51.466333, -0.21353 51.466439, -0.213278 51.466661, -0.212077 51.467721, -0.211991 51.467795, -0.211864 51.467907, -0.211828 51.467936, -0.211729 51.468018, -0.211605 51.468112, -0.211454 51.468228, -0.211181 51.468431, -0.211122 51.468475, -0.211153 51.46852, -0.211113 51.468554, -0.211045 51.468609, -0.211015 51.468633, -0.210918 51.468641, -0.210571 51.468955, -0.210401 51.469115, -0.210334 51.46919, -0.210316 51.469209, -0.210286 51.469243, -0.210233 51.469311, -0.210195 51.469408, -0.210183 51.469437, -0.210167 51.469482, -0.210153 51.469534, -0.210146 51.469603, -0.210153 51.469676, -0.210201 51.469792, -0.210367 51.470045, -0.210451 51.470173, -0.210586 51.470379, -0.210669 51.470512, -0.210812 51.470736, -0.21099 51.471017, -0.211052 51.471157, -0.211106 51.471368, -0.211121 51.471488, -0.211131 51.471544, -0.211178 51.47155, -0.211215 51.471569, -0.211233 51.471596, -0.21123 51.471626, -0.211206 51.471651, -0.211243 51.471673, -0.21136 51.471781, -0.21143 51.471882, -0.211719 51.472293, -0.211995 51.47271, -0.212339 51.473056, -0.212692 51.473403, -0.212907 51.473619, -0.21299 51.47371, -0.213091 51.473806, -0.213242 51.473958, -0.213451 51.474158, -0.214124 51.474755, -0.21431 51.474927, -0.214553 51.475149, -0.214584 51.475176, -0.214612 51.47521, -0.214756 51.475349, -0.215174 51.47577, -0.215363 51.476017, -0.21549 51.476221, -0.215744 51.476578, -0.215863 51.476735, -0.216097 51.477074, -0.216169 51.477159, -0.216328 51.477348, -0.216449 51.477503, -0.216566 51.477641, -0.216867 51.477985, -0.217033 51.478198, -0.217185 51.478408, -0.217252 51.478536, -0.217348 51.478752, -0.217477 51.479179, -0.217647 51.479848, -0.217761 51.480397, -0.217801 51.480592, -0.217869 51.480921, -0.218079 51.481385, -0.218147 51.481534, -0.218439 51.482136, -0.218653 51.48256, -0.218873 51.482874, -0.218999 51.483063, -0.219226 51.483386, -0.219328 51.48354, -0.219393 51.483628, -0.219426 51.483671, -0.219542 51.483851, -0.219567 51.483891, -0.219631 51.483997, -0.219812 51.484322, -0.219895 51.484465, -0.220023 51.484799, -0.220048 51.484879, -0.220083 51.484991, -0.220133 51.485202, -0.220255 51.485617, -0.220383 51.485894, -0.220593 51.486196, -0.220679 51.48631, -0.220855 51.486549, -0.221104 51.486867, -0.22125 51.486983, -0.221324 51.487047, -0.221707 51.487347, -0.222135 51.487679, -0.222191 51.487724, -0.222394 51.487904, -0.222601 51.488134, -0.222664 51.488279, -0.222743 51.488549, -0.222805 51.488719, -0.222855 51.48884, -0.222904 51.488989, -0.222995 51.489215, -0.223061 51.489564, -0.223117 51.489665, -0.223458 51.490282, -0.223486 51.490333, -0.223495 51.490389, -0.223521 51.490555, -0.223557 51.490792, -0.223565 51.490832, -0.223578 51.49086, -0.223771 51.491071, -0.223812 51.491116, -0.223866 51.491162, -0.223909 51.49119, -0.223947 51.491208, -0.224031 51.491252, -0.22412 51.491294, -0.224174 51.491319, -0.224233 51.491337, -0.224298 51.491353, -0.224455 51.491377, -0.224557 51.491398, -0.224668 51.491438, -0.22472 51.491464, -0.224767 51.491503, -0.224801 51.49155, -0.224818 51.491602, -0.224825 51.491691, -0.22481 51.492029, -0.224815 51.492095, -0.224836 51.492336, -0.224833 51.492479, -0.224825 51.492647, -0.224809 51.492805, -0.224874 51.492843, -0.224902 51.492902, -0.224919 51.492917, -0.224955 51.492938, -0.224985 51.492946, -0.225033 51.49295, -0.225095 51.492948, -0.225641 51.492881, -0.225846 51.492857, -0.226065 51.492831, -0.226415 51.49281, -0.226564 51.492797, -0.226862 51.492762, -0.228307 51.492562, -0.228557 51.492535, -0.228988 51.492505, -0.229435 51.492518, -0.23006 51.492551, -0.230536 51.492556, -0.231196 51.492561, -0.231389 51.492571, -0.231598 51.492582, -0.231783 51.492593, -0.231924 51.492602, -0.232342 51.492627, -0.232468 51.492635, -0.23286 51.492671, -0.233407 51.492731, -0.234298 51.492833, -0.234395 51.492833, -0.234634 51.492851, -0.234952 51.492877, -0.235185 51.492902, -0.235698 51.492961, -0.235913 51.492988, -0.236306 51.493056, -0.236852 51.493175, -0.237186 51.493247, -0.237557 51.493323, -0.237965 51.493397, -0.238192 51.493428, -0.238433 51.493451, -0.238706 51.493467, -0.239281 51.493463, -0.239285 51.493702, -0.239312 51.493767, -0.239371 51.49384, -0.239611 51.494139, -0.239639 51.494215, -0.239669 51.494365, -0.239685 51.494772, -0.239693 51.494822, -0.239709 51.494907, -0.239726 51.495014, -0.23977 51.495226, -0.239831 51.495365, -0.239901 51.495491, -0.239987 51.495486, -0.241725 51.495478, -0.241904 51.495451, -0.241901 51.495409, -0.241928 51.49538, -0.242041 51.495353, -0.242418 51.495314, -0.242466 51.495308, -0.242591 51.495303, -0.24309 51.495305, -0.243593 51.495323, -0.244584 51.495397, -0.244692 51.495411, -0.24464 51.495495, -0.244606 51.495547, -0.244544 51.495655, -0.244518 51.495704, -0.244479 51.495777, -0.244461 51.495822, -0.244385 51.496025, -0.244291 51.496254, -0.244233 51.496416, -0.244098 51.496797, -0.243972 51.49715, -0.243871 51.497437, -0.243747 51.497757, -0.243449 51.498691, -0.243571 51.498727, -0.243716 51.498725, -0.244223 51.498628, -0.244835 51.498514, -0.24502 51.498473, -0.245169 51.498437, -0.24538 51.49838, -0.245779 51.498265, -0.246018 51.498187, -0.24607 51.49817, -0.246175 51.498142, -0.246635 51.497992)","[0.000000e+00 5.800000e+00 1.540000e+01 3.280000e+01 5.280000e+01
 8.350000e+01 1.214000e+02 1.653000e+02 2.194000e+02 2.805000e+02
 3.437000e+02 4.125000e+02 4.847000e+02 5.585000e+02 6.342000e+02
 7.114000e+02 7.896000e+02 8.692000e+02 9.502000e+02 1.032900e+03
 1.117000e+03 1.203000e+03 1.295300e+03 1.390400e+03 1.486600e+03
 1.583900e+03 1.682400e+03 1.782300e+03 1.883300e+03 1.985700e+03
 2.089500e+03 2.194600e+03 2.300400e+03 2.406600e+03 2.515200e+03
 2.625500e+03 2.738100e+03 2.852900e+03 2.970600e+03 3.089700e+03
 3.210100e+03 3.331800e+03 3.455000e+03 3.579700e+03 3.706100e+03
 3.835800e+03 3.975800e+03 4.117000e+03 4.259500e+03 4.403300e+03
 4.548300e+03 4.698700e+03 4.853500e+03 5.009100e+03 5.165200e+03
 5.322300e+03 5.480000e+03 5.641200e+03 5.807800e+03 5.977000e+03
 6.147700e+03 6.319800e+03 6.492400e+03 6.667800e+03 6.848000e+03
 7.031800e+03 7.216700e+03 7.403300e+03 7.590400e+03 7.781800e+03
 7.976900e+03 8.175100e+03 8.374600e+03 8.576100e+03 8.778600e+03
 8.983900e+03 9.193900e+03 9.406200e+03 9.620900e+03 9.837600e+03
 1.005890e+04 1.028690e+04 1.052360e+04 1.077210e+04 1.102380e+04
 1.127700e+04 1.153140e+04 1.180080e+04 1.207070e+04 1.235240e+04
 1.263820e+04 1.293630e+04 1.324480e+04 1.356690e+04 1.389010e+04
 1.422360e+04 1.455920e+04 1.489650e+04 1.525110e+04 1.562570e+04
 1.600180e+04 1.637870e+04 1.675660e+04 1.713820e+04 1.752110e+04
 1.790460e+04 1.828980e+04 1.867860e+04 1.906970e+04 1.946170e+04
 1.985450e+04 2.024900e+04 2.065370e+04 2.106250e+04 2.147200e+04
 2.188180e+04 2.229240e+04 2.270360e+04 2.311590e+04 2.353390e+04
 2.395770e+04 2.438360e+04 2.481060e+04 2.523800e+04 2.566590e+04
 2.609510e+04 2.652700e+04 2.695960e+04 2.739330e+04 2.782860e+04
 2.826540e+04 2.870330e+04 2.914440e+04 2.958580e+04 3.002770e+04
 3.047000e+04 3.091270e+04 3.135590e+04 3.180000e+04 3.224520e+04
 3.269370e+04 3.314260e+04 3.359400e+04 3.404680e+04 3.450040e+04
 3.495530e+04 3.541140e+04 3.586800e+04 3.632520e+04 3.678340e+04
 3.724210e+04 3.770140e+04 3.816110e+04 3.862140e+04 3.908250e+04
 3.954440e+04 4.000710e+04 4.047060e+04 4.093520e+04 4.140010e+04
 4.186580e+04 4.233220e+04 4.279890e+04 4.326580e+04 4.373330e+04
 4.420300e+04 4.467410e+04 4.514660e+04 4.562200e+04 4.610490e+04
 4.659430e+04 4.708440e+04 4.757490e+04 4.806760e+04 4.856290e+04
 4.905890e+04 4.955840e+04 5.006090e+04 5.056590e+04 5.107320e+04
 5.158170e+04 5.209070e+04 5.260190e+04 5.311430e+04 5.362770e+04
 5.414230e+04 5.465780e+04 5.517980e+04 5.570900e+04 5.624590e+04
 5.678440e+04 5.732410e+04 5.786540e+04 5.840760e+04 5.895020e+04
 5.949590e+04 6.004360e+04 6.059300e+04 6.114610e+04 6.170180e+04
 6.225950e+04 6.281940e+04 6.338400e+04 6.395070e+04 6.451870e+04
 6.508810e+04 6.566100e+04 6.623850e+04 6.681670e+04 6.739850e+04
 6.798330e+04 6.856960e+04 6.915710e+04 6.974510e+04 7.033350e+04
 7.092240e+04 7.151190e+04 7.210220e+04 7.269350e+04 7.328590e+04
 7.387940e+04 7.447540e+04 7.507260e+04 7.567100e+04 7.627080e+04
 7.687180e+04 7.747770e+04 7.809040e+04 7.870980e+04 7.933820e+04
 7.996760e+04 8.060430e+04 8.124120e+04 8.188110e+04 8.252420e+04
 8.317030e+04 8.381830e+04 8.446820e+04 8.511990e+04 8.577250e+04
 8.642570e+04 8.708050e+04 8.773740e+04 8.839640e+04 8.905620e+04
 8.971780e+04 9.038100e+04 9.104540e+04 9.171000e+04 9.237560e+04
 9.304210e+04 9.371650e+04 9.439200e+04 9.508070e+04 9.577290e+04
 9.646890e+04 9.717170e+04 9.788560e+04 9.860330e+04 9.932810e+04
 1.000550e+05 1.007844e+05 1.015224e+05 1.022655e+05 1.030100e+05
 1.037561e+05 1.045027e+05 1.052499e+05 1.059975e+05 1.067454e+05
 1.074939e+05 1.082429e+05 1.089927e+05 1.097433e+05 1.104943e+05
 1.112467e+05 1.120002e+05 1.127542e+05 1.135086e+05 1.142636e+05
 1.150195e+05 1.157760e+05 1.165333e+05 1.172914e+05 1.180505e+05
 1.188099e+05 1.195703e+05 1.203318e+05 1.210943e+05 1.218577e+05
 1.226214e+05 1.233869e+05 1.241543e+05 1.249226e+05 1.256917e+05
 1.264628e+05 1.272353e+05 1.280087e+05 1.287827e+05 1.295621e+05
 1.303473e+05 1.311348e+05 1.319257e+05 1.327184e+05 1.335124e+05
 1.343067e+05 1.351020e+05 1.358980e+05 1.366947e+05 1.374922e+05
 1.382911e+05 1.390916e+05 1.398924e+05 1.406938e+05 1.414955e+05
 1.422979e+05 1.431005e+05 1.439033e+05 1.447064e+05 1.455106e+05
 1.463164e+05 1.471229e+05 1.479321e+05 1.487418e+05 1.495598e+05
 1.503852e+05 1.512117e+05 1.520438e+05 1.528781e+05 1.537150e+05
 1.545539e+05 1.553939e+05 1.562418e+05 1.570962e+05 1.579516e+05
 1.588105e+05 1.596714e+05 1.605340e+05 1.613980e+05 1.622644e+05
 1.631333e+05 1.640035e+05 1.648771e+05 1.657535e+05 1.666315e+05
 1.675111e+05 1.683929e+05 1.692751e+05 1.701599e+05 1.710494e+05
 1.719454e+05 1.728446e+05 1.737469e+05 1.746532e+05 1.755602e+05
 1.764715e+05 1.773834e+05 1.782968e+05 1.792106e+05 1.801258e+05
 1.810423e+05 1.819593e+05 1.828776e+05 1.837973e+05 1.847179e+05
 1.856409e+05 1.865646e+05 1.874887e+05 1.884144e+05 1.893406e+05
 1.902702e+05 1.912001e+05 1.921315e+05 1.930645e+05 1.939985e+05
 1.949337e+05 1.958692e+05 1.968050e+05 1.977417e+05 1.986789e+05
 1.996168e+05 2.005551e+05 2.014938e+05 2.024381e+05 2.033844e+05
 2.043349e+05 2.053056e+05 2.062777e+05 2.072519e+05 2.082267e+05
 2.092031e+05 2.101814e+05 2.111620e+05 2.121467e+05 2.131323e+05
 2.141187e+05 2.151058e+05 2.160940e+05 2.170827e+05 2.180723e+05
 2.190678e+05 2.200663e+05 2.210661e+05 2.220662e+05 2.230669e+05
 2.240688e+05 2.250723e+05 2.260763e+05 2.270810e+05 2.280865e+05
 2.290931e+05 2.301008e+05 2.311104e+05 2.321243e+05 2.331404e+05
 2.341600e+05 2.351818e+05 2.362073e+05 2.372375e+05 2.382700e+05
 2.393058e+05 2.403435e+05 2.413821e+05 2.424210e+05 2.434602e+05
 2.444997e+05 2.455395e+05 2.465796e+05 2.476202e+05 2.486628e+05
 2.497071e+05 2.507584e+05 2.518167e+05 2.528813e+05 2.539523e+05
 2.550273e+05 2.561039e+05 2.571823e+05 2.582635e+05 2.593484e+05
 2.604446e+05 2.615440e+05 2.626476e+05 2.637517e+05 2.648564e+05
 2.659637e+05 2.670787e+05 2.681980e+05 2.693207e+05 2.704495e+05
 2.715810e+05 2.727182e+05 2.738569e+05 2.749989e+05 2.761436e+05
 2.772907e+05 2.784439e+05 2.796008e+05 2.807613e+05 2.819239e+05
 2.830900e+05 2.842629e+05 2.854463e+05 2.866383e+05 2.878334e+05
 2.890337e+05 2.902415e+05 2.914517e+05 2.926717e+05 2.938986e+05
 2.951308e+05 2.963662e+05 2.976071e+05 2.988506e+05 3.000956e+05
 3.013413e+05 3.025900e+05 3.038394e+05 3.050906e+05 3.063472e+05
 3.076062e+05 3.088705e+05 3.101361e+05 3.114035e+05 3.126742e+05
 3.139515e+05 3.152333e+05 3.165202e+05 3.178091e+05 3.191021e+05
 3.204006e+05 3.217014e+05 3.230034e+05 3.243114e+05 3.256260e+05
 3.269415e+05 3.282604e+05 3.295834e+05 3.309087e+05 3.322383e+05
 3.335706e+05 3.349048e+05 3.362414e+05 3.375816e+05 3.389273e+05
 3.402747e+05 3.416322e+05 3.429905e+05 3.443497e+05 3.457115e+05
 3.470770e+05 3.484431e+05 3.498097e+05 3.511801e+05 3.525513e+05
 3.539234e+05 3.552961e+05 3.566693e+05 3.580436e+05 3.594190e+05
 3.607951e+05 3.621718e+05 3.635492e+05 3.649282e+05 3.663082e+05
 3.676894e+05 3.690712e+05 3.704538e+05 3.718372e+05 3.732214e+05
 3.746070e+05 3.759979e+05 3.773898e+05 3.787855e+05 3.801834e+05
 3.815839e+05 3.829869e+05 3.843908e+05 3.857957e+05 3.872009e+05
 3.886066e+05 3.900126e+05 3.914191e+05 3.928262e+05 3.942387e+05
 3.956532e+05 3.970699e+05 3.984900e+05 3.999116e+05 4.013361e+05
 4.027749e+05 4.042162e+05 4.056617e+05 4.071115e+05 4.085674e+05
 4.100279e+05 4.114948e+05 4.129636e+05 4.144344e+05 4.159070e+05
 4.173810e+05 4.188591e+05 4.203384e+05 4.218215e+05 4.233100e+05
 4.248073e+05 4.263055e+05 4.278060e+05 4.293096e+05 4.308155e+05
 4.323265e+05 4.338396e+05 4.353567e+05 4.368794e+05 4.384055e+05
 4.399354e+05 4.414694e+05 4.430057e+05 4.445444e+05 4.460858e+05
 4.476328e+05 4.491835e+05 4.507352e+05 4.522882e+05 4.538464e+05
 4.554058e+05 4.569676e+05 4.585357e+05 4.601046e+05 4.616748e+05
 4.632467e+05 4.648219e+05 4.663993e+05 4.679788e+05 4.695591e+05
 4.711562e+05 4.727551e+05 4.743547e+05 4.759548e+05 4.775561e+05
 4.791611e+05 4.807666e+05 4.823733e+05 4.839848e+05 4.856012e+05
 4.872273e+05 4.888545e+05 4.904831e+05 4.921126e+05 4.937439e+05
 4.953760e+05 4.970093e+05 4.986433e+05 5.002805e+05 5.019214e+05
 5.035649e+05 5.052145e+05 5.068697e+05 5.085295e+05 5.101944e+05
 5.118741e+05 5.135551e+05 5.152375e+05 5.169250e+05 5.186187e+05
 5.203143e+05 5.220114e+05 5.237107e+05 5.254143e+05 5.271205e+05
 5.288273e+05 5.305352e+05 5.322482e+05]",2019-01-03 09:00:54.184764 UTC,2019-01-03 09:31:02.584764 UTC
18,"LINESTRING(-0.246635 51.497992, -0.24675 51.497954, -0.247052 51.497838, -0.247675 51.497602, -0.247963 51.497485, -0.248214 51.497381, -0.248768 51.497186, -0.248968 51.497113, -0.249206 51.497048, -0.249528 51.496956, -0.249846 51.496899, -0.250283 51.496795, -0.250405 51.496764, -0.250984 51.496635, -0.251309 51.496572, -0.251697 51.496474, -0.252184 51.496362, -0.252436 51.496307, -0.252767 51.496235, -0.253437 51.496089, -0.25396 51.495981, -0.254155 51.495942, -0.254588 51.495841, -0.255106 51.495735, -0.255238 51.495695, -0.255281 51.495399, -0.255287 51.495288, -0.255287 51.495259, -0.255293 51.494982, -0.255292 51.494911, -0.255296 51.494678, -0.255295 51.49448, -0.255298 51.494021, -0.255295 51.493668, -0.255314 51.492693, -0.255445 51.492687, -0.256034 51.492655, -0.256182 51.492647, -0.256146 51.492507, -0.255985 51.492079, -0.255726 51.49148, -0.25554 51.491166, -0.255298 51.490747, -0.25504 51.490266, -0.254757 51.489796, -0.254641 51.489599, -0.25459 51.489512, -0.254354 51.489117, -0.254165 51.488844, -0.253839 51.488358, -0.253712 51.4882, -0.253511 51.487935, -0.253426 51.487833, -0.253339 51.487739, -0.253194 51.487577, -0.253161 51.487552, -0.253114 51.487532, -0.253054 51.487519, -0.252958 51.487506, -0.252925 51.487523, -0.252815 51.487529, -0.252706 51.48756, -0.252667 51.487571, -0.252623 51.487586, -0.252577 51.487612, -0.252519 51.487635, -0.252322 51.487708, -0.25219 51.487752, -0.25198 51.487809, -0.252163 51.487719, -0.252351 51.487628, -0.252486 51.487566, -0.252544 51.487514, -0.252557 51.487483, -0.25256 51.48745, -0.25254 51.487409, -0.252509 51.487365, -0.252471 51.487323, -0.25243 51.487282, -0.252333 51.48729, -0.252253 51.487277, -0.252194 51.487249, -0.252122 51.487194, -0.252083 51.48714, -0.252066 51.487076, -0.252024 51.486918, -0.252006 51.486832, -0.251992 51.486765, -0.252064 51.486703, -0.252114 51.486678, -0.252247 51.486643, -0.252415 51.486468, -0.252492 51.486384, -0.252653 51.486261, -0.252839 51.486133, -0.253346 51.485846, -0.253628 51.485722, -0.253728 51.485723, -0.253779 51.485696, -0.254024 51.485584, -0.254095 51.485544, -0.2541 51.485491, -0.254276 51.485409, -0.25457 51.485286, -0.254824 51.485181, -0.254952 51.485121, -0.255051 51.485115, -0.255157 51.485033, -0.255208 51.484985, -0.25524 51.484952, -0.255294 51.484883, -0.255332 51.484819, -0.255407 51.484687, -0.255441 51.484621, -0.255633 51.484238, -0.2558 51.483943, -0.256023 51.483655, -0.256348 51.483327, -0.256601 51.483101, -0.256878 51.482894, -0.256931 51.482864, -0.257323 51.482698, -0.257518 51.482612, -0.257714 51.482489, -0.257786 51.48241, -0.257848 51.482319, -0.257883 51.482259, -0.257932 51.482144, -0.258038 51.481866, -0.258054 51.481786, -0.258096 51.481724, -0.258209 51.481627, -0.258388 51.481473, -0.258703 51.481171, -0.259145 51.480792, -0.259254 51.480698, -0.259637 51.48037, -0.260143 51.479967, -0.260209 51.479907, -0.260382 51.479764, -0.262435 51.478045, -0.262476 51.478011, -0.262796 51.477737, -0.263608 51.477057, -0.264808 51.476243, -0.265518 51.475797, -0.26673 51.47506, -0.26675 51.474996, -0.267041 51.474811, -0.267063 51.474791, -0.267064 51.474791, -0.267167 51.474728, -0.267265 51.47466, -0.26747 51.474544, -0.267689 51.474413, -0.267792 51.4744, -0.268618 51.473873, -0.270877 51.47243, -0.272867 51.471168, -0.273645 51.470677, -0.274148 51.470356, -0.274378 51.470211, -0.274917 51.46987, -0.275225 51.469603, -0.275581 51.469408, -0.275772 51.469326, -0.276007 51.469247, -0.275835 51.469096, -0.275762 51.469047, -0.275675 51.469009, -0.275547 51.468976, -0.275376 51.468952, -0.273997 51.468807, -0.273498 51.468752, -0.273089 51.468717, -0.272822 51.468704, -0.272458 51.468692, -0.272157 51.468689, -0.271821 51.468682, -0.271612 51.468674, -0.27138 51.468668, -0.271115 51.468679, -0.27086 51.468703, -0.270548 51.468758, -0.27023 51.468826, -0.269828 51.468953, -0.269599 51.469048, -0.269222 51.469202, -0.268985 51.469302, -0.268818 51.469386, -0.268653 51.469455, -0.268492 51.469517, -0.268444 51.469534, -0.268299 51.469577, -0.268106 51.469622, -0.268088 51.469626, -0.267857 51.46967, -0.267166 51.469756, -0.267 51.469768, -0.266866 51.469732, -0.26675 51.469673, -0.266687 51.469576, -0.266658 51.469509, -0.26659 51.469497, -0.266513 51.46951, -0.265939 51.469625, -0.265653 51.46968, -0.264972 51.469787, -0.264467 51.469843, -0.264042 51.469829, -0.263522 51.469831, -0.261925 51.469827, -0.261746 51.469825, -0.261042 51.469828, -0.260714 51.469827, -0.260435 51.469825, -0.259876 51.469835, -0.259149 51.469918, -0.25885 51.469952, -0.257911 51.470098, -0.257082 51.470249, -0.256519 51.470398, -0.256262 51.470462, -0.256088 51.470503, -0.255925 51.470555, -0.255799 51.470625, -0.25572 51.470553, -0.255421 51.470332, -0.255366 51.470235, -0.255291 51.470104, -0.255216 51.469951, -0.255129 51.46974, -0.255008 51.469438, -0.254965 51.469312, -0.254926 51.469236, -0.254684 51.468765, -0.254559 51.468513, -0.254398 51.468251, -0.254357 51.468195, -0.254225 51.467995, -0.2542 51.467949, -0.254183 51.467916, -0.254173 51.467882, -0.254161 51.467861, -0.254139 51.467831, -0.253678 51.467245, -0.253635 51.467184, -0.253243 51.466693, -0.253062 51.466497, -0.253003 51.466383, -0.252971 51.466314, -0.253054 51.466075, -0.253076 51.466001, -0.252461 51.465775, -0.252283 51.465711, -0.252166 51.465669, -0.251401 51.465367, -0.251319 51.465274, -0.251298 51.465226, -0.251015 51.465215, -0.25076 51.465199, -0.250481 51.465171, -0.250049 51.46513, -0.25001 51.465127, -0.249449 51.465077, -0.249046 51.465052, -0.248829 51.465049, -0.248691 51.465047, -0.248642 51.465046, -0.248504 51.465049, -0.24815 51.465066, -0.247185 51.465114, -0.246714 51.465151, -0.246074 51.465192, -0.245048 51.465238, -0.244997 51.46524, -0.244637 51.46525, -0.244317 51.46525, -0.24416 51.46525, -0.243977 51.465251, -0.243819 51.465252, -0.243567 51.465243, -0.243406 51.465237, -0.242669 51.465175, -0.242443 51.465155, -0.242368 51.465149, -0.242118 51.465129, -0.24201 51.465117, -0.241963 51.465112, -0.241512 51.465076, -0.240286 51.464932, -0.23954 51.464858, -0.238979 51.464803, -0.238484 51.464744, -0.237552 51.464639, -0.236742 51.464547, -0.236656 51.464541, -0.236468 51.464513, -0.235535 51.464394, -0.235319 51.464366, -0.234745 51.464295, -0.234559 51.464262, -0.234149 51.46419, -0.233893 51.464133, -0.233827 51.464117, -0.233765 51.464101, -0.233263 51.463968, -0.232657 51.463805, -0.231961 51.463689, -0.231931 51.463685, -0.231814 51.463667, -0.231485 51.463618, -0.231004 51.463546, -0.230808 51.463517, -0.230392 51.463462, -0.229897 51.463389, -0.2284 51.463175, -0.228234 51.463149, -0.22698 51.46297, -0.226562 51.462916, -0.226166 51.462877, -0.225559 51.462817, -0.225093 51.462786, -0.224736 51.462756, -0.224363 51.462726, -0.223969 51.462693, -0.223509 51.462637, -0.223241 51.462597, -0.222982 51.462558, -0.222713 51.462509, -0.222461 51.462442, -0.222172 51.462339, -0.221863 51.46221, -0.221493 51.462013, -0.220484 51.461592, -0.219593 51.461398, -0.218751 51.46122, -0.218165 51.461107, -0.217507 51.460979, -0.217354 51.46092, -0.21726 51.460836, -0.21715 51.460787, -0.217203 51.460636, -0.217256 51.460484, -0.217332 51.460221, -0.21742 51.459898, -0.217454 51.459776, -0.217466 51.459542, -0.217562 51.459314, -0.217605 51.459183, -0.217664 51.459027, -0.217754 51.458841, -0.217924 51.458521, -0.217975 51.45843, -0.21829 51.457834, -0.218688 51.457112, -0.218745 51.457009, -0.218836 51.456827, -0.218955 51.456589, -0.21905 51.456384, -0.219304 51.455866, -0.219355 51.45576, -0.219682 51.455077, -0.220041 51.454311, -0.220064 51.454268, -0.220201 51.454019, -0.220245 51.453956, -0.220336 51.453815, -0.220412 51.453717, -0.220454 51.453667, -0.220473 51.453644, -0.220497 51.453614, -0.220576 51.453518, -0.220614 51.453473, -0.22068 51.453385, -0.220713 51.453342, -0.220885 51.453112, -0.221043 51.452901, -0.221137 51.452783, -0.221155 51.452673, -0.221224 51.452538, -0.221271 51.452407, -0.221376 51.45219, -0.221421 51.452091, -0.221526 51.451879, -0.221805 51.451304, -0.22209 51.450742, -0.222367 51.450196, -0.222679 51.4496, -0.22293 51.449103, -0.222942 51.449049, -0.222931 51.448996, -0.222902 51.448953, -0.22285 51.448897, -0.222779 51.44885, -0.222694 51.448835, -0.222463 51.448771, -0.222395 51.448747, -0.222345 51.448726, -0.222299 51.448701, -0.222241 51.448654, -0.222196 51.448603, -0.22218 51.448567, -0.22217 51.448517, -0.222166 51.448477, -0.222214 51.448327, -0.222276 51.448228, -0.222336 51.448016, -0.222369 51.447939, -0.222412 51.44786, -0.222438 51.447806, -0.222444 51.447757, -0.222432 51.447693, -0.222407 51.447643, -0.222325 51.447537, -0.222259 51.447455, -0.222218 51.447409, -0.2222 51.44739, -0.222134 51.447322, -0.222099 51.447279, -0.222063 51.447204, -0.222051 51.447173, -0.222045 51.447145, -0.222041 51.44711, -0.22204 51.447103, -0.222038 51.447062, -0.222101 51.447033, -0.22212 51.446879, -0.222147 51.446743, -0.222282 51.446256, -0.222523 51.44544, -0.222591 51.445207, -0.222654 51.445012, -0.222851 51.444335, -0.222959 51.443974, -0.223266 51.442921, -0.223455 51.442279, -0.223562 51.441917, -0.223659 51.441587, -0.224007 51.440333, -0.224064 51.440154, -0.224426 51.438885, -0.224464 51.438746, -0.224507 51.438583, -0.224516 51.43855, -0.224519 51.438361, -0.224482 51.438109, -0.224446 51.437822, -0.224438 51.437695, -0.224475 51.437356, -0.224569 51.437027, -0.22463 51.436767, -0.224638 51.436668, -0.224604 51.436528, -0.224522 51.436235, -0.224462 51.435933, -0.224433 51.435627, -0.22442 51.435136, -0.224391 51.434615, -0.224339 51.434125, -0.224337 51.434098, -0.224239 51.432922, -0.224228 51.432757, -0.224059 51.431297, -0.22394 51.430211, -0.223797 51.42911, -0.223634 51.428322, -0.223575 51.428123, -0.223479 51.427903, -0.223402 51.427715, -0.223306 51.427522, -0.223108 51.427133, -0.223019 51.42697, -0.222932 51.426805, -0.222839 51.426645, -0.222748 51.426533, -0.222653 51.426449, -0.222561 51.426388, -0.222488 51.426353, -0.222389 51.426306, -0.222115 51.426199, -0.22177 51.426077, -0.221494 51.425984, -0.221161 51.425878, -0.221094 51.425859, -0.220669 51.425726, -0.220336 51.425641, -0.220204 51.425608, -0.220076 51.425579, -0.219873 51.425536, -0.219403 51.425455, -0.21918 51.425421, -0.218985 51.425378, -0.218724 51.425329, -0.218357 51.425273, -0.218185 51.425279, -0.217991 51.425319, -0.217674 51.425363, -0.217632 51.425368, -0.217538 51.42538, -0.217403 51.425324, -0.217304 51.425278, -0.217193 51.425199, -0.216655 51.424831, -0.216131 51.424499, -0.215671 51.424199, -0.215434 51.424165, -0.21513 51.424152, -0.214881 51.424159, -0.214573 51.424189, -0.213995 51.424247, -0.213858 51.424257, -0.213534 51.424251, -0.212961 51.424154, -0.212346 51.424026, -0.211638 51.423812, -0.210882 51.423503, -0.210752 51.423435, -0.210218 51.423173, -0.209791 51.422943, -0.209715 51.422903, -0.209668 51.422871, -0.209177 51.422587, -0.208631 51.422244, -0.208429 51.422104, -0.208336 51.422033, -0.208258 51.421954, -0.207945 51.421651, -0.207837 51.421572, -0.207798 51.421541, -0.207755 51.421504, -0.207628 51.421412, -0.207512 51.42131, -0.207464 51.421278, -0.207272 51.421147, -0.207116 51.421058, -0.206944 51.420988, -0.206763 51.420939, -0.206576 51.42089, -0.206428 51.420849, -0.206348 51.420851, -0.206225 51.420818, -0.20618 51.420806, -0.206003 51.420746, -0.205666 51.420677, -0.205447 51.420609, -0.205374 51.420576, -0.205229 51.420503, -0.205176 51.420452, -0.205082 51.42039, -0.205054 51.420371, -0.204965 51.420328, -0.204892 51.420308, -0.204857 51.420264, -0.20476 51.420196, -0.204687 51.420154, -0.204569 51.420103, -0.204529 51.420091, -0.203858 51.41993, -0.203641 51.419881, -0.203083 51.419779, -0.202972 51.419773, -0.202865 51.419755, -0.20282 51.419747, -0.202684 51.419719, -0.202648 51.419686, -0.202045 51.419564, -0.201689 51.419491, -0.201427 51.419435, -0.201336 51.419415, -0.200238 51.419208, -0.199806 51.419163, -0.199377 51.419153, -0.199205 51.419148, -0.198473 51.419138, -0.197896 51.419161, -0.196434 51.419291, -0.196261 51.419311, -0.194327 51.419567, -0.194221 51.419567, -0.194137 51.419556, -0.194072 51.419538, -0.194044 51.41953, -0.193986 51.419465, -0.19371 51.419113, -0.193393 51.418717, -0.193248 51.418545, -0.192762 51.417945, -0.192722 51.417885, -0.192679 51.417808, -0.192663 51.417768, -0.19265 51.417729, -0.192593 51.417575, -0.192524 51.417171, -0.192458 51.416266, -0.192451 51.415936, -0.192438 51.415745, -0.192415 51.415637, -0.192411 51.415493, -0.192473 51.415318, -0.192645 51.41504, -0.192612 51.414511, -0.19261 51.414469, -0.192604 51.414372, -0.192601 51.414326, -0.192542 51.414125, -0.192536 51.414047, -0.192534 51.414026, -0.192522 51.413886, -0.192505 51.41372, -0.192447 51.413306, -0.192421 51.412995, -0.192425 51.412801, -0.192394 51.412621, -0.192425 51.41247, -0.192453 51.412194, -0.192445 51.411899, -0.192404 51.411535, -0.192379 51.411347, -0.192377 51.411033, -0.192432 51.410727, -0.192423 51.4105, -0.192399 51.410152, -0.192381 51.410058, -0.192339 51.409573, -0.192281 51.408862, -0.192237 51.408259, -0.19222 51.408077, -0.192222 51.407875, -0.192195 51.407812, -0.192188 51.407745, -0.192175 51.407611, -0.192159 51.407498, -0.192198 51.407415, -0.192182 51.407374, -0.192119 51.407104, -0.191728 51.4047, -0.191654 51.404194, -0.191608 51.404138, -0.191561 51.403887, -0.191532 51.403728, -0.191539 51.403666, -0.191595 51.403441, -0.191566 51.403423, -0.191547 51.403401, -0.191539 51.403372, -0.191548 51.40334, -0.191566 51.403319, -0.191582 51.403308, -0.191609 51.403295, -0.191647 51.403285, -0.191699 51.403284, -0.191735 51.40329, -0.191765 51.4033, -0.192029 51.403174, -0.192178 51.403126, -0.192716 51.402907, -0.193217 51.402732, -0.193422 51.402638, -0.193657 51.40253, -0.193861 51.402357, -0.194219 51.402055, -0.194371 51.40192, -0.19446 51.401842, -0.194724 51.401705, -0.195138 51.401464, -0.195309 51.401333, -0.195623 51.4011, -0.19574 51.400958, -0.195866 51.400804, -0.196297 51.40036, -0.196405 51.40025, -0.196824 51.39979, -0.197249 51.399339, -0.197308 51.399284, -0.197377 51.399228, -0.197489 51.399142, -0.197636 51.399052, -0.197652 51.39904, -0.197773 51.398968, -0.198008 51.398834, -0.198311 51.398662, -0.1987 51.398441, -0.198965 51.39829, -0.199317 51.398079, -0.199368 51.398041, -0.199464 51.397967, -0.199688 51.397791, -0.199795 51.397685, -0.199872 51.397604, -0.199939 51.397514, -0.200012 51.397401, -0.200144 51.397117, -0.200203 51.396928, -0.200242 51.3967, -0.200259 51.396552, -0.200269 51.39632, -0.200285 51.396223, -0.200313 51.396115, -0.200354 51.396011, -0.200406 51.395924, -0.200499 51.395792, -0.200631 51.395665, -0.200644 51.395652, -0.200789 51.395544, -0.200895 51.395482, -0.200919 51.395469, -0.201058 51.395405, -0.201227 51.395335, -0.201515 51.395217, -0.202262 51.394939, -0.202436 51.394877, -0.202507 51.394852, -0.202682 51.394771, -0.20286 51.394677, -0.203036 51.394558, -0.203076 51.394521, -0.203173 51.394435, -0.20327 51.394314, -0.203364 51.39431, -0.20345 51.394321, -0.203532 51.394339, -0.203615 51.394365, -0.203698 51.394389, -0.2039 51.394397, -0.204234 51.394402, -0.204361 51.394404, -0.204781 51.394408, -0.205391 51.394389, -0.205732 51.394316, -0.206071 51.394148, -0.206459 51.393829, -0.206546 51.39375, -0.20653 51.393459, -0.206662 51.393343, -0.206825 51.393153)","[0.000000e+00 1.200000e+00 5.800000e+00 1.750000e+01 3.250000e+01
 5.040000e+01 7.450000e+01 1.008000e+02 1.296000e+02 1.618000e+02
 1.972000e+02 2.371000e+02 2.783000e+02 3.255000e+02 3.760000e+02
 4.306000e+02 4.902000e+02 5.524000e+02 6.180000e+02 6.905000e+02
 7.683000e+02 8.481000e+02 9.324000e+02 1.022000e+03 1.113000e+03
 1.208600e+03 1.305900e+03 1.403700e+03 1.505800e+03 1.609000e+03
 1.715800e+03 1.825700e+03 1.942700e+03 2.065200e+03 2.202900e+03
 2.341400e+03 2.483700e+03 2.627000e+03 2.771800e+03 2.921200e+03
 3.077000e+03 3.236300e+03 3.400200e+03 3.569400e+03 3.743800e+03
 3.920400e+03 4.098000e+03 4.280000e+03 4.465100e+03 4.655700e+03
 4.848100e+03 5.043500e+03 5.240100e+03 5.437800e+03 5.637400e+03
 5.837300e+03 6.037600e+03 6.238300e+03 6.439600e+03 6.641300e+03
 6.844100e+03 7.048100e+03 7.252500e+03 7.457400e+03 7.662700e+03
 7.868400e+03 8.075600e+03 8.283800e+03 8.493500e+03 8.704700e+03
 8.917400e+03 9.131200e+03 9.345700e+03 9.560500e+03 9.775600e+03
 9.991100e+03 1.020710e+04 1.042360e+04 1.064060e+04 1.085810e+04
 1.107600e+04 1.129430e+04 1.151320e+04 1.173260e+04 1.195250e+04
 1.217360e+04 1.239540e+04 1.261770e+04 1.284060e+04 1.306380e+04
 1.328770e+04 1.351320e+04 1.373950e+04 1.396700e+04 1.419580e+04
 1.442900e+04 1.466440e+04 1.490040e+04 1.513680e+04 1.537520e+04
 1.561420e+04 1.585380e+04 1.609480e+04 1.633810e+04 1.658340e+04
 1.682970e+04 1.707660e+04 1.732460e+04 1.757320e+04 1.782220e+04
 1.807200e+04 1.832250e+04 1.857450e+04 1.882720e+04 1.908410e+04
 1.934420e+04 1.960760e+04 1.987500e+04 2.014530e+04 2.041840e+04
 2.069200e+04 2.096870e+04 2.124690e+04 2.152690e+04 2.180780e+04
 2.208970e+04 2.237230e+04 2.265610e+04 2.294290e+04 2.323050e+04
 2.351880e+04 2.380830e+04 2.409980e+04 2.439500e+04 2.469510e+04
 2.499640e+04 2.530190e+04 2.561270e+04 2.592430e+04 2.623780e+04
 2.657350e+04 2.690940e+04 2.724790e+04 2.759300e+04 2.794670e+04
 2.830530e+04 2.867210e+04 2.903940e+04 2.940870e+04 2.977820e+04
 3.014780e+04 3.051810e+04 3.088910e+04 3.126140e+04 3.163520e+04
 3.200950e+04 3.238950e+04 3.278520e+04 3.319470e+04 3.360960e+04
 3.402800e+04 3.444850e+04 3.487400e+04 3.530290e+04 3.573490e+04
 3.616840e+04 3.660360e+04 3.704070e+04 3.747850e+04 3.791700e+04
 3.835640e+04 3.879690e+04 3.924640e+04 3.969920e+04 4.015470e+04
 4.061190e+04 4.107150e+04 4.153300e+04 4.199670e+04 4.246180e+04
 4.292840e+04 4.339670e+04 4.386670e+04 4.433880e+04 4.481310e+04
 4.529030e+04 4.576930e+04 4.625120e+04 4.673490e+04 4.722000e+04
 4.770640e+04 4.819400e+04 4.868200e+04 4.917100e+04 4.966130e+04
 5.015170e+04 5.064370e+04 5.114030e+04 5.163800e+04 5.213660e+04
 5.263620e+04 5.313690e+04 5.363830e+04 5.414000e+04 5.464200e+04
 5.514630e+04 5.565170e+04 5.615980e+04 5.666990e+04 5.718160e+04
 5.769530e+04 5.821510e+04 5.873560e+04 5.925880e+04 5.978330e+04
 6.030890e+04 6.083660e+04 6.136710e+04 6.189880e+04 6.243420e+04
 6.297290e+04 6.351390e+04 6.405600e+04 6.459880e+04 6.514230e+04
 6.568640e+04 6.623140e+04 6.677930e+04 6.732820e+04 6.787850e+04
 6.843040e+04 6.898450e+04 6.954170e+04 7.010020e+04 7.065950e+04
 7.122380e+04 7.179070e+04 7.236040e+04 7.293070e+04 7.350320e+04
 7.407620e+04 7.464950e+04 7.522310e+04 7.579690e+04 7.637100e+04
 7.695160e+04 7.753290e+04 7.811970e+04 7.870880e+04 7.929910e+04
 7.989010e+04 8.048350e+04 8.107770e+04 8.167640e+04 8.227640e+04
 8.287720e+04 8.348360e+04 8.409110e+04 8.469910e+04 8.530890e+04
 8.592040e+04 8.653370e+04 8.714980e+04 8.776620e+04 8.838630e+04
 8.900900e+04 8.963310e+04 9.025810e+04 9.088340e+04 9.150960e+04
 9.213810e+04 9.277290e+04 9.341080e+04 9.405290e+04 9.470160e+04
 9.535060e+04 9.600190e+04 9.665530e+04 9.730970e+04 9.796530e+04
 9.862190e+04 9.928010e+04 9.993930e+04 1.006033e+05 1.012688e+05
 1.019348e+05 1.026024e+05 1.032707e+05 1.039393e+05 1.046108e+05
 1.052904e+05 1.059749e+05 1.066631e+05 1.073546e+05 1.080522e+05
 1.087551e+05 1.094586e+05 1.101633e+05 1.108742e+05 1.115865e+05
 1.123026e+05 1.130199e+05 1.137400e+05 1.144619e+05 1.151843e+05
 1.159071e+05 1.166334e+05 1.173640e+05 1.180993e+05 1.188348e+05
 1.195711e+05 1.203096e+05 1.210513e+05 1.217943e+05 1.225400e+05
 1.232890e+05 1.240479e+05 1.248079e+05 1.255762e+05 1.263473e+05
 1.271210e+05 1.278987e+05 1.286794e+05 1.294624e+05 1.302478e+05
 1.310358e+05 1.318268e+05 1.326196e+05 1.334141e+05 1.342104e+05
 1.350085e+05 1.358088e+05 1.366115e+05 1.374173e+05 1.382309e+05
 1.390506e+05 1.398760e+05 1.407054e+05 1.415393e+05 1.423744e+05
 1.432106e+05 1.440477e+05 1.448864e+05 1.457267e+05 1.465698e+05
 1.474163e+05 1.482641e+05 1.491143e+05 1.499669e+05 1.508209e+05
 1.516766e+05 1.525343e+05 1.533955e+05 1.542577e+05 1.551264e+05
 1.560030e+05 1.568807e+05 1.577604e+05 1.586427e+05 1.595272e+05
 1.604173e+05 1.613085e+05 1.622071e+05 1.631140e+05 1.640214e+05
 1.649315e+05 1.658423e+05 1.667547e+05 1.676682e+05 1.685820e+05
 1.694960e+05 1.704102e+05 1.713251e+05 1.722403e+05 1.731561e+05
 1.740722e+05 1.749899e+05 1.759090e+05 1.768289e+05 1.777495e+05
 1.786710e+05 1.795933e+05 1.805170e+05 1.814413e+05 1.823670e+05
 1.832964e+05 1.842294e+05 1.851659e+05 1.861063e+05 1.870499e+05
 1.879941e+05 1.889389e+05 1.898842e+05 1.908302e+05 1.917769e+05
 1.927242e+05 1.936731e+05 1.946223e+05 1.955717e+05 1.965213e+05
 1.974713e+05 1.984217e+05 1.993723e+05 2.003232e+05 2.012743e+05
 2.022270e+05 2.031808e+05 2.041368e+05 2.050936e+05 2.060513e+05
 2.070096e+05 2.079684e+05 2.089279e+05 2.098879e+05 2.108491e+05
 2.118113e+05 2.127740e+05 2.137369e+05 2.147006e+05 2.156648e+05
 2.166298e+05 2.175951e+05 2.185607e+05 2.195267e+05 2.204928e+05
 2.214593e+05 2.224263e+05 2.233949e+05 2.243649e+05 2.253400e+05
 2.263237e+05 2.273099e+05 2.282982e+05 2.292936e+05 2.302928e+05
 2.313031e+05 2.323202e+05 2.333411e+05 2.343655e+05 2.354031e+05
 2.364418e+05 2.374884e+05 2.385359e+05 2.395844e+05 2.406331e+05
 2.416830e+05 2.427345e+05 2.437878e+05 2.448419e+05 2.458981e+05
 2.469564e+05 2.480163e+05 2.490768e+05 2.501382e+05 2.512014e+05
 2.522665e+05 2.533335e+05 2.544035e+05 2.554767e+05 2.565529e+05
 2.576293e+05 2.587130e+05 2.597977e+05 2.608914e+05 2.619918e+05
 2.630990e+05 2.642111e+05 2.653244e+05 2.664391e+05 2.675550e+05
 2.686721e+05 2.697917e+05 2.709124e+05 2.720342e+05 2.731570e+05
 2.742806e+05 2.754048e+05 2.765295e+05 2.776546e+05 2.787802e+05
 2.799070e+05 2.810353e+05 2.821666e+05 2.833015e+05 2.844371e+05
 2.855773e+05 2.867210e+05 2.878661e+05 2.890125e+05 2.901610e+05
 2.913142e+05 2.924696e+05 2.936270e+05 2.947870e+05 2.959507e+05
 2.971161e+05 2.982835e+05 2.994540e+05 3.006249e+05 3.017967e+05
 3.029701e+05 3.041447e+05 3.053209e+05 3.065048e+05 3.076959e+05
 3.088935e+05 3.100920e+05 3.112917e+05 3.124924e+05 3.136943e+05
 3.148984e+05 3.161030e+05 3.173088e+05 3.185169e+05 3.197275e+05
 3.209411e+05 3.221582e+05 3.233760e+05 3.245964e+05 3.258190e+05
 3.270420e+05 3.282657e+05 3.294959e+05 3.307336e+05 3.319742e+05
 3.332162e+05 3.344596e+05 3.357052e+05 3.369514e+05 3.381978e+05
 3.394445e+05 3.406919e+05 3.419401e+05 3.431886e+05 3.444382e+05
 3.456886e+05 3.469398e+05 3.481918e+05 3.494446e+05 3.506980e+05
 3.519522e+05 3.532077e+05 3.544637e+05 3.557217e+05 3.569831e+05
 3.582469e+05 3.595116e+05 3.607781e+05 3.620455e+05 3.633142e+05
 3.645833e+05 3.658535e+05 3.671245e+05 3.683963e+05 3.696695e+05
 3.709437e+05 3.722193e+05 3.734953e+05 3.747783e+05 3.760635e+05
 3.773543e+05 3.786462e+05 3.799392e+05 3.812327e+05 3.825276e+05
 3.838231e+05 3.851227e+05 3.864247e+05 3.877285e+05 3.890329e+05
 3.903447e+05 3.916593e+05 3.929767e+05 3.942952e+05 3.956184e+05
 3.969453e+05 3.982817e+05 3.996192e+05 4.009695e+05 4.023205e+05
 4.036721e+05 4.050242e+05 4.063765e+05 4.077296e+05 4.090868e+05
 4.104486e+05 4.118124e+05 4.131832e+05 4.145547e+05 4.159270e+05
 4.172997e+05 4.186728e+05 4.200475e+05 4.214264e+05 4.228147e+05
 4.242064e+05 4.256001e+05 4.269949e+05 4.283912e+05 4.297894e+05
 4.311907e+05 4.325975e+05 4.340047e+05 4.354129e+05 4.368216e+05
 4.382324e+05 4.396440e+05 4.410558e+05 4.424691e+05 4.438841e+05
 4.453034e+05 4.467259e+05 4.481504e+05 4.495768e+05 4.510048e+05
 4.524357e+05 4.538697e+05 4.553075e+05 4.567473e+05 4.581904e+05
 4.596367e+05 4.610854e+05 4.625377e+05 4.639910e+05 4.654493e+05
 4.669150e+05 4.683870e+05 4.698609e+05 4.713369e+05 4.728136e+05
 4.742910e+05 4.757698e+05 4.772498e+05 4.787307e+05 4.802120e+05
 4.816961e+05 4.832053e+05 4.847198e+05 4.862350e+05 4.877528e+05
 4.892723e+05 4.907924e+05 4.923149e+05 4.938377e+05 4.953608e+05
 4.968842e+05 4.984079e+05 4.999318e+05 5.014559e+05 5.029802e+05
 5.045048e+05 5.060297e+05 5.075548e+05 5.090801e+05 5.106076e+05
 5.121362e+05 5.136690e+05 5.152055e+05 5.167436e+05 5.182836e+05
 5.198258e+05 5.213719e+05 5.229197e+05 5.244685e+05 5.260195e+05
 5.275742e+05 5.291307e+05 5.306904e+05 5.322518e+05 5.338150e+05
 5.353836e+05 5.369535e+05 5.385289e+05 5.401097e+05 5.416912e+05
 5.432734e+05 5.448567e+05 5.464413e+05 5.480261e+05 5.496120e+05
 5.512000e+05 5.527907e+05 5.543848e+05 5.559812e+05 5.575808e+05
 5.591809e+05 5.607820e+05 5.623854e+05 5.639901e+05 5.655958e+05
 5.672025e+05 5.688105e+05 5.704216e+05 5.720347e+05 5.736502e+05
 5.752672e+05 5.768866e+05 5.785070e+05 5.801285e+05 5.817511e+05
 5.833747e+05 5.849998e+05 5.866265e+05 5.882534e+05 5.898818e+05
 5.915111e+05 5.931406e+05 5.947712e+05 5.964031e+05 5.980372e+05
 5.996769e+05 6.013179e+05 6.029594e+05 6.046023e+05 6.062467e+05
 6.078928e+05 6.095394e+05 6.111871e+05 6.128362e+05 6.144869e+05
 6.161391e+05 6.177927e+05 6.194478e+05 6.211044e+05 6.227644e+05
 6.244300e+05 6.260977e+05 6.277724e+05 6.294573e+05 6.311482e+05
 6.328463e+05 6.345551e+05 6.362665e+05 6.379857e+05 6.397087e+05
 6.414375e+05]",2019-01-03 12:31:02.584764 UTC,2019-01-03 13:01:26.184764 UTC
